from_stop_I;to_stop_I;d;duration_avg;n_vehicles;route_I_counts
19;371;5120;249.53271028037383;107;169:4,170:69,171:34
19;261;1579;178.77551020408163;98;164:2,166:49,167:47
21;58;1890;181.5929203539823;113;136:103,133:10
21;162;1200;179.5;120;137:19,138:101
24;312;2332;146.66666666666666;126;165:126
24;216;2696;191.6778523489933;298;168:122,169:13,170:94,171:69
24;83;4099;255.0;176;164:11,166:93,167:72
29;371;3967;230.20408163265307;98;164:2,166:49,167:47
29;220;2908;240.0;7;169:7
29;261;9793;480.0;8;166:5,167:3
29;238;1616;140.15267175572518;131;169:6,170:69,171:56
29;221;5436;298.06451612903226;31;170:18,171:13
36;210;6698;480.0;34;166:34
36;254;1347;120.0;130;170:68,171:62
36;270;2730;181.07142857142858;112;166:59,167:53
36;394;6861;422.3076923076923;26;170:26
43;244;810;60.220588235294116;272;137:33,138:135,139:64,140:40
43;359;773;120.0;273;136:136,133:18,134:41,135:78
45;369;1727;140.0;129;169:10,170:58,171:61
45;218;2959;240.0;10;169:1,170:7,171:2
45;83;4688;300.0;37;169:2,170:29,171:6
45;221;2395;177.5147928994083;169;164:11,166:86,167:72
51;365;1076;120.0;81;137:22,139:59
51;311;833;120.0;82;133:4,135:78
58;409;2896;239.46902654867256;113;136:103,133:10
58;21;1890;123.5;120;137:19,138:101
59;409;3056;241.22448979591837;98;134:20,135:78
59;89;2517;180.0;105;139:65,140:40
65;232;1955;198.85714285714286;105;165:105
66;229;1001;110.14285714285714;140;165:140
66;279;1738;130.28571428571428;140;168:140
67;337;944;120.0;272;137:33,138:135,139:64,140:40
67;244;809;120.0;273;136:136,133:18,134:41,135:78
68;354;2106;164.8;75;138:62,140:13
74;425;2017;238.8679245283019;106;165:106
74;293;2689;180.0;109;168:109
435;288;4693;254.0506329113924;316;168:140,169:13,170:94,171:69
435;406;2541;188.54430379746836;316;164:11,165:140,166:93,167:72
83;24;4099;252.95454545454547;176;169:13,170:94,171:69
83;218;1847;169.62406015037595;133;164:4,166:70,167:59
83;45;4688;300.0;43;164:7,166:23,167:13
89;59;2517;180.0;98;134:20,135:78
89;93;2757;180.0;105;139:65,140:40
93;89;2757;180.0;98;134:20,135:78
93;203;3872;240.57142857142858;105;139:65,140:40
99;311;1170;152.59259259259258;81;137:22,139:59
100;19024;865;223.18471337579618;157;137:22,138:135
100;162;5418;303.716814159292;113;136:103,133:10
100;428;20903;1745.8536585365853;41;136:33,133:8
106;232;3779;271.0344827586207;29;168:29
106;339;1121;117.32142857142857;112;168:112
106;211;3511;240.0;19;165:19
106;212;2054;148.52459016393442;122;164:1,165:121
380;379;3622;211.61290322580646;93;166:93
380;19022;1680;182.5531914893617;94;170:94
156;193;6398;420.0;22;138:21,140:1
156;370;1410;118.44155844155844;77;136:65,134:12
156;298;1053;120.0;76;138:42,140:34
160;161;1328;118.44155844155844;77;136:43,134:34
160;193;1170;134.21052631578948;76;138:42,140:34
161;160;1328;119.21052631578948;76;138:42,140:34
161;243;1880;141.8181818181818;77;136:43,134:34
162;100;5418;306.5;120;137:19,138:101
162;21;1200;121.06194690265487;113;136:103,133:10
163;365;1063;120.0;82;138:76,140:6
163;287;1031;111.95121951219512;82;136:77,134:5
186;875;4489;221.66666666666666;72;167:72
193;160;1170;134.80519480519482;77;136:43,134:34
193;233;2679;180.0;22;138:21,140:1
193;194;1549;157.3170731707317;82;138:76,140:6
193;156;6398;420.0;22;136:22
193;399;4577;300.0;71;138:38,140:33
194;193;1549;179.26829268292684;82;136:77,134:5
194;233;1178;110.48780487804878;82;138:76,140:6
203;93;3872;240.0;98;134:20,135:78
210;288;1094;120.87591240875912;274;164:2,165:107,166:93,167:72
210;211;903;139.5744680851064;141;168:140,169:1
210;36;6698;461.53846153846155;26;170:26
210;270;3968;260.5839416058394;137;170:68,171:69
211;288;1969;180.0;33;165:33
211;210;903;145.0;108;164:1,165:107
211;212;1457;140.0;135;168:127,169:8
211;106;3511;198.46153846153845;13;168:13
212;106;2054;129.77777777777777;135;168:127,169:8
212;211;1457;120.49180327868852;122;164:1,165:121
216;24;2696;213.3774834437086;302;164:11,165:126,166:93,167:72
216;219;5687;300.0;14;165:14
216;325;1728;175.63291139240508;316;168:140,169:13,170:94,171:69
218;369;1366;101.69491525423729;118;164:4,166:70,167:44
218;83;1847;179.54545454545453;132;169:4,170:65,171:63
218;45;2959;240.0;15;167:15
219;312;1052;120.49180327868852;122;168:122
219;216;5687;303.3333333333333;18;168:18
219;279;1665;142.28571428571428;140;165:140
220;221;2545;167.3170731707317;123;169:12,170:61,171:50
220;238;1356;120.47619047619048;126;164:10,166:57,167:59
220;45;4936;240.0;8;169:1,170:5,171:2
221;220;2545;173.8095238095238;126;164:10,166:57,167:59
221;29;5436;300.0;37;164:1,166:29,167:7
221;238;3835;240.0;6;167:6
221;45;2395;175.527950310559;161;169:12,170:82,171:67
379;19026;2408;228.38709677419354;93;166:93
379;380;3622;240.0;94;170:94
229;66;1001;116.57142857142857;140;168:140
229;381;1792;138.42857142857142;140;165:140
231;232;1299;132.85714285714286;112;168:112
231;339;1650;151.69811320754718;106;165:106
232;65;1955;274.90909090909093;110;168:110
232;106;3779;252.35294117647058;34;165:34
232;231;1299;119.43396226415095;106;165:106
233;193;2679;240.0;22;136:22
233;194;1178;114.14634146341463;82;136:77,134:5
233;310;860;69.51219512195122;82;138:76,140:6
233;399;1976;180.0;22;138:21,140:1
238;220;1356;132.58064516129033;124;169:6,170:66,171:52
238;29;1616;156.8181818181818;132;164:10,166:57,167:65
238;221;3835;240.0;7;170:3,171:4
381;293;1366;135.0;140;165:140
381;229;1792;135.85714285714286;140;168:140
243;161;1880;165.78947368421052;76;138:42,140:34
243;298;1497;120.0;77;136:43,134:34
244;67;809;179.77941176470588;272;137:33,138:135,139:64,140:40
244;43;810;118.02197802197803;273;136:136,133:18,134:41,135:78
254;394;5556;441.1764705882353;68;170:68
254;875;3915;271.30434782608694;69;171:69
254;36;1347;143.03571428571428;112;166:59,167:53
254;270;4076;240.0;19;167:19
261;19;1579;151.9626168224299;107;169:4,170:69,171:34
261;29;9793;480.0;8;170:4,171:4
270;210;3968;379.23664122137404;131;166:59,167:72
270;36;2730;203.07692307692307;130;170:68,171:62
270;254;4076;240.0;7;171:7
279;66;1738;148.71428571428572;140;165:140
279;219;1665;155.57142857142858;140;168:140
287;163;1031;84.8780487804878;82;138:76,140:6
287;365;2077;179.1549295774648;71;138:38,140:33
287;399;849;116.47058823529412;153;136:114,134:39
288;210;1094;149.80263157894737;304;168:140,169:1,170:94,171:69
288;435;4693;255.9493670886076;316;164:11,165:140,166:93,167:72
288;211;1969;180.0;7;169:7
289;370;769;120.0;75;138:62,140:13
289;429;1191;111.42857142857143;77;136:65,134:12
292;428;4104;360.51724137931035;232;136:103,133:10,134:41,135:78
292;407;1820;120.0;225;137:19,138:101,139:65,140:40
293;74;2689;180.0;106;165:106
293;381;1366;153.0;140;168:140
295;344;1490;120.0;23;138:1,140:22
295;401;1093;117.72727272727273;132;136:45,133:4,134:5,135:78
295;412;1824;120.0;22;134:22
295;365;3438;240.0;22;136:22
295;329;1061;120.0;164;137:28,138:67,139:64,140:5
297;360;2115;161.06666666666666;225;137:19,138:101,139:65,140:40
297;407;3159;180.8372093023256;215;136:103,133:10,134:24,135:78
298;243;1497;129.47368421052633;76;138:42,140:34
298;156;1053;139.4805194805195;77;136:43,134:34
310;233;860;120.0;82;136:77,134:5
310;399;1244;135.3658536585366;82;138:76,140:6
311;51;833;112.5925925925926;81;137:22,139:59
311;99;1170;180.0;82;133:4,135:78
312;24;2332;144.0983606557377;122;168:122
312;219;1052;120.47619047619048;126;165:126
27018;27017;2108;161.53846153846155;91;1069:42,1055:49
27018;27019;738;107.56756756756756;111;1069:40,1055:71
27018;27046;1685;180.0;25;1055:25
325;216;1728;144.30379746835442;316;164:11,165:140,166:93,167:72
325;336;2711;198.79746835443038;316;168:140,169:13,170:94,171:69
329;344;518;60.0;186;137:28,138:88,139:64,140:6
329;401;2145;180.0;22;136:22
329;295;1061;92.39263803680981;163;136:67,133:11,134:7,135:78
336;325;2711;192.72151898734177;316;164:11,165:140,166:93,167:72
336;406;1764;165.7594936708861;316;168:140,169:13,170:94,171:69
337;67;944;120.0;273;136:136,133:18,134:41,135:78
337;428;2237;240.0;272;137:33,138:135,139:64,140:40
339;106;1121;120.0;106;165:106
339;231;1650;137.14285714285714;112;168:112
344;329;518;124.54054054054055;185;136:89,133:11,134:7,135:78
344;359;1515;180.0;267;137:28,138:135,139:64,140:40
344;365;4917;304.06779661016947;59;136:47,134:12
344;295;1490;180.0;22;134:22
27023;27024;993;110.66666666666667;90;1055:90
27023;27022;1237;111.81818181818181;88;1055:88
349;394;2167;180.0;93;166:93
349;19026;2791;192.7659574468085;94;170:94
354;68;2106;212.72727272727272;77;136:65,134:12
354;429;2816;189.6;75;138:62,140:13
359;344;1515;124.9624060150376;266;136:136,133:11,134:41,135:78
359;43;773;119.77941176470588;272;137:33,138:135,139:64,140:40
360;297;2115;179.72093023255815;215;136:103,133:10,134:24,135:78
360;421;1583;138.93333333333334;225;137:19,138:101,139:65,140:40
365;401;2352;180.0;22;138:21,140:1
365;51;1076;92.92682926829268;82;133:4,135:78
365;163;1063;120.0;82;136:77,134:5
365;295;3438;300.0;21;138:21
365;344;4917;300.0;58;138:46,140:12
365;287;2077;180.0;71;136:37,134:34
365;412;1616;123.87096774193549;155;137:22,138:47,139:59,140:27
365;399;2927;240.0;22;136:22
369;218;1366;120.0;122;169:3,170:58,171:61
369;83;2971;240.0;7;169:7
369;45;1727;167.28813559322035;118;164:4,166:70,167:44
370;289;769;116.88311688311688;77;136:65,134:12
370;156;1410;120.0;75;138:62,140:13
371;19;5120;241.22448979591837;98;164:2,166:49,167:47
371;29;3967;240.0;107;169:4,170:69,171:34
26999;27000;1289;120.0;67;1055:67
26999;27025;1495;120.0;76;1055:76
26999;27024;2707;159.42857142857142;35;1055:35
26999;27195;2151;165.88235294117646;85;1069:85
26999;27013;1172;101.07692307692308;130;1069:83,1055:47
27000;27001;658;91.34328358208955;67;1055:67
27000;26999;1289;120.0;60;1055:60
27001;27000;658;60.0;60;1055:60
27001;27002;2505;151.34328358208955;67;1055:67
27002;27001;2505;120.0;60;1055:60
27002;27003;1178;120.0;47;1055:47
27003;27002;1178;120.0;43;1055:43
27003;27004;589;60.0;47;1055:47
27004;27003;589;60.0;43;1055:43
27004;27005;1484;120.0;47;1055:47
27005;27004;1484;120.0;43;1055:43
27005;27006;1480;120.0;47;1055:47
27006;27005;1480;120.0;43;1055:43
27006;27007;1467;120.0;47;1055:47
27007;27008;2420;158.29787234042553;47;1055:47
27007;27006;1467;120.0;43;1055:43
27008;27009;1512;141.70212765957447;47;1055:47
27008;27007;2420;154.88372093023256;43;1055:43
27009;27040;3000;220.0;24;1055:24
27009;27008;1512;138.13953488372093;43;1055:43
27009;27010;2706;162.85714285714286;56;1055:56
27010;27009;2706;157.77777777777777;54;1055:54
27010;27011;3352;193.92857142857142;56;1055:56
27011;27010;3352;188.88888888888889;54;1055:54
27011;27012;2872;204.64285714285714;56;1055:56
27012;27041;3587;240.0;14;1055:14
27012;27011;2872;216.66666666666666;54;1055:54
27012;27020;30261;1948.0;15;1055:15
27012;27039;1696;222.85714285714286;28;1055:28
27013;27014;1952;129.69230769230768;130;1069:83,1055:47
27013;26999;1172;109.25373134328358;134;1069:85,1055:49
27014;27013;1952;134.32835820895522;134;1069:85,1055:49
27014;27015;3081;195.23076923076923;130;1069:83,1055:47
27015;27016;3396;166.20689655172413;87;1069:40,1055:47
27015;27014;3081;174.17910447761193;134;1069:85,1055:49
27016;27017;2538;142.75862068965517;87;1069:40,1055:47
27016;27015;3396;181.97802197802199;91;1069:42,1055:49
27017;27016;2538;122.63736263736264;91;1069:42,1055:49
27017;27018;2108;142.75862068965517;87;1069:40,1055:47
394;36;6861;476.47058823529414;34;166:34
394;349;2167;165.95744680851064;94;170:94
394;254;5556;360.0;59;166:59
27019;27504;3271;205.3846153846154;26;1074:26
27019;27129;5570;443.0769230769231;13;1074:13
27019;27018;738;106.03448275862068;116;1069:42,1055:74
27019;27131;974;128.1818181818182;44;1074:44
27020;27377;11664;686.6666666666666;18;1076:18
27020;27028;12849;660.0;13;1055:13
27020;27285;4114;300.0;2;1070:2
27020;27382;4171;420.0;1;1067:1
27020;27021;6023;310.0558659217877;179;1055:179
27020;27022;8867;445.0;24;1055:24
27021;27284;3793;240.0;168;1070:168
27021;27020;6023;372.8323699421965;173;1055:173
27021;27285;1912;120.0;166;1070:166
27021;27022;2939;180.0;179;1055:179
27022;27024;2231;180.0;25;1055:25
27022;27026;2117;120.0;73;1055:73
27022;27028;5135;300.0;15;1055:15
27022;27020;8867;540.0;24;1055:24
27022;27021;2939;176.1849710982659;173;1055:173
27022;27023;1237;79.33333333333333;90;1055:90
399;193;4577;300.0;71;136:37,134:34
399;287;849;93.72549019607843;153;138:114,140:39
399;365;2927;180.0;22;138:21,140:1
399;310;1244;90.0;82;136:77,134:5
399;233;1976;120.0;22;136:22
27024;27025;1305;108.15789473684211;76;1055:76
27024;27023;993;68.18181818181819;88;1055:88
27024;27022;2231;148.69565217391303;23;1055:23
27024;26999;2707;195.3846153846154;39;1055:39
401;329;2145;240.0;22;138:21,140:1
401;412;754;100.0;132;136:45,133:4,134:5,135:78
401;365;2352;180.0;22;136:22
401;295;1093;120.0;132;137:22,138:46,139:59,140:5
27026;27027;1424;120.0;73;1055:73
27026;27022;2117;180.0;71;1055:71
27027;27026;1424;120.0;71;1055:71
27027;27028;1714;120.0;73;1055:73
27028;27027;1714;143.66197183098592;71;1055:71
27028;27020;12849;780.0;13;1055:13
27028;27029;3064;166.76470588235293;68;1055:68
27028;27022;5135;300.0;15;1055:15
27029;27028;3064;180.0;71;1055:71
27029;27030;2148;155.2941176470588;68;1055:68
27030;27029;2148;130.98591549295776;71;1055:71
27030;27031;1695;120.0;68;1055:68
407;297;3159;180.53333333333333;225;137:19,138:101,139:65,140:40
407;292;1820;180.0;215;136:103,133:10,134:24,135:78
27032;27033;2509;172.8;25;1055:25
27032;27038;5898;334.61538461538464;26;1055:26
27032;27031;2351;169.01408450704224;71;1055:71
409;58;2896;180.0;120;137:19,138:101
409;59;3056;180.0;105;139:65,140:40
409;421;1211;120.83720930232558;215;136:103,133:10,134:24,135:78
27034;27033;2240;180.0;27;1055:27
27034;27035;2091;180.0;25;1055:25
27035;27034;2091;168.88888888888889;27;1055:27
27035;27036;2308;148.8;25;1055:25
27036;27035;2308;180.0;27;1055:27
27036;27037;1499;184.8;25;1055:25
27037;27036;1499;128.88888888888889;27;1055:27
27038;27032;5898;360.0;28;1055:28
27038;27039;2130;154.6153846153846;26;1055:26
27039;27012;1696;240.0;26;1055:26
27039;27038;2130;137.14285714285714;28;1055:28
27040;27048;2454;180.0;24;1055:24
27040;27009;3000;208.8;25;1055:25
27041;27042;2956;201.42857142857142;14;1055:14
27041;27012;3587;236.25;16;1055:16
27042;27041;2956;236.25;16;1055:16
421;360;1583;120.0;215;136:103,133:10,134:24,135:78
421;409;1211;179.73333333333332;225;137:19,138:101,139:65,140:40
27046;27018;1685;180.0;24;1055:24
27046;27047;852;120.0;25;1055:25
27047;27048;1251;120.0;25;1055:25
27047;27046;852;120.0;24;1055:24
27048;27040;2454;180.0;25;1055:25
27048;27047;1251;120.0;24;1055:24
412;401;754;115.45454545454545;132;137:22,138:46,139:59,140:5
412;365;1616;160.12987012987014;154;136:45,133:4,134:27,135:78
412;295;1824;180.0;23;138:1,140:22
27051;27457;4657;219.3230769230769;325;1071:325
27051;27132;3722;294.375;64;1078:64
27051;27483;1904;180.0;7;1071:7
27051;27052;1009;71.19402985074628;134;1075:49,1078:85
27051;27053;2562;155.2941176470588;68;1078:68
27051;27534;1036;80.45454545454545;88;1078:88
27051;27455;1085;112.15686274509804;306;1071:306
428;337;2237;180.0;273;136:136,133:18,134:41,135:78
428;292;4104;300.75949367088606;237;137:31,138:101,139:65,140:40
428;100;20903;1621.6216216216217;37;137:3,138:34
429;289;1191;83.2;75;138:62,140:13
429;354;2816;198.7012987012987;77;136:65,134:12
27054;27536;2398;174.47368421052633;76;1078:76
27054;27535;1151;120.0;89;1078:89
27054;27053;2861;214.28571428571428;112;1075:48,1078:64
27054;27055;2437;170.95238095238096;126;1075:49,1078:77
27055;27056;1870;133.8095238095238;126;1075:49,1078:77
27055;27054;2437;179.51612903225808;124;1075:48,1078:76
27056;27544;1647;120.0;77;1078:77
27056;27057;4284;334.2857142857143;49;1075:49
27056;27055;1870;137.41935483870967;124;1075:48,1078:76
27057;27056;4284;300.0;48;1075:48
27057;27105;14628;784.8;25;1073:25
27057;27058;4723;296.4516129032258;186;1073:87,1075:49,1069:50
27057;27446;2877;212.72727272727272;44;1069:44
27057;27094;14454;780.0;23;1073:23
27057;27101;2661;178.64661654135338;133;1073:86,1069:47
27058;27057;4723;296.3736263736264;182;1073:87,1075:48,1069:47
27058;27059;2360;161.40845070422534;142;1073:43,1075:49,1069:50
27058;27102;2485;135.0;44;1073:44
27059;27058;2360;186.56934306569343;137;1073:42,1075:48,1069:47
27059;27060;3123;208.04347826086956;92;1073:43,1075:49
27060;27059;3123;191.33333333333334;90;1073:42,1075:48
27060;27061;5085;300.0;92;1073:43,1075:49
27061;27106;2134;180.0;43;1073:43
27061;27060;5085;268.0;90;1073:42,1075:48
27085;27287;6084;300.0;1;1070:1
27086;27089;4038;296.3636363636364;33;1078:33
27086;27506;5244;437.0149253731343;67;1078:67
27086;27508;2203;180.0;32;1078:32
27086;27132;995;123.75;128;1078:128
27086;27534;1822;154.58823529411765;85;1078:85
27086;27087;1274;120.57142857142857;105;1078:105
27087;27088;1365;108.57142857142857;105;1078:105
27087;27086;1274;120.0;107;1078:107
27088;27089;2000;171.42857142857142;105;1078:105
27088;27087;1365;108.78504672897196;107;1078:107
27089;27088;2000;120.57692307692308;104;1078:104
27089;27090;3007;195.91836734693877;49;1078:49
27089;27086;4038;240.0;32;1078:32
27090;27089;3007;216.73469387755102;49;1078:49
27090;27506;11365;669.4736842105264;38;1074:38
27090;27091;2829;180.0;180;1078:49,1071:131
27090;27156;10649;424.44444444444446;27;1074:27
27090;27158;16270;720.0;9;1074:9
27090;27161;4111;240.0;7;1071:7
27090;27455;3897;260.57142857142856;140;1071:140
27091;27161;1282;87.66666666666667;180;1078:49,1071:131
27091;27090;2829;175.46511627906978;172;1074:2,1078:49,1071:121
27091;27477;6861;378.46153846153845;26;1071:26
27091;27455;6726;363.52941176470586;34;1071:34
27094;27057;14454;720.0;25;1073:25
27094;27099;8054;660.0;26;1073:26
27094;27101;11821;720.0;15;1073:15
27094;27095;3284;240.0;74;1073:74
27095;27096;1368;120.0;74;1073:74
27095;27094;3284;261.3157894736842;76;1073:76
27096;27097;2461;180.0;74;1073:74
27096;27095;1368;120.0;76;1073:76
27097;27096;2461;141.31578947368422;76;1073:76
27097;27098;931;100.54054054054055;74;1073:74
27098;27097;931;99.47368421052632;76;1073:76
27098;27099;1124;120.0;74;1073:74
27099;27098;1124;103.42105263157895;76;1073:76
27099;27100;2661;180.0;74;1073:74
27099;27094;8054;660.0;26;1073:26
27100;27099;2661;145.26315789473685;76;1073:76
27100;27101;1338;120.0;74;1073:74
27101;27057;2661;226.08695652173913;138;1073:88,1069:50
27101;27426;908;116.37931034482759;116;1069:116
27101;27452;1469;120.0;68;1069:68
27101;27094;11821;660.0;10;1073:10
27101;27100;1338;120.0;76;1073:76
27102;27058;2485;180.0;45;1073:45
27102;27103;3941;192.27272727272728;44;1073:44
27103;27104;2540;192.27272727272728;44;1073:44
27103;27102;3941;240.0;45;1073:45
27104;27105;1149;152.72727272727272;44;1073:44
27104;27103;2540;160.0;45;1073:45
27105;27104;1149;120.0;45;1073:45
27105;27057;14628;725.2173913043479;23;1073:23
27105;27118;5931;315.0;20;1073:20
27106;27061;2134;180.0;42;1073:42
27118;27105;5931;360.0;20;1073:20
27124;27506;9330;661.1428571428571;105;1074:105
27124;27125;1996;183.52941176470588;85;1074:85
27124;27127;6803;360.0;2;1074:2
27124;27129;12949;600.0;16;1074:16
27124;27509;2677;214.48275862068965;87;1074:87
27124;27135;1763;144.1304347826087;92;1074:92
27125;27124;1996;175.22727272727272;88;1074:88
27125;27126;3417;250.58823529411765;85;1074:85
27126;27506;14129;940.0;3;1074:3
27126;27124;5294;350.0;6;1074:6
27126;27125;3417;197.4418604651163;86;1074:86
27126;27127;1636;152.45901639344262;61;1074:61
425;74;2017;149.72477064220183;109;168:109
27128;27129;4737;251.35135135135135;74;1074:74
27128;27506;17474;1008.0;5;1074:5
27128;27124;8523;460.0;3;1074:3
27128;27126;3345;200.0;3;1074:3
27128;27127;1730;148.52459016393442;61;1074:61
27129;27136;1833;140.0;36;1074:36
27129;27506;21392;1200.0;2;1074:2
27129;27124;12949;650.7692307692307;13;1074:13
27129;27126;7658;360.0;3;1074:3
27129;27127;6277;300.0;2;1074:2
27129;27128;4737;255.0;72;1074:72
27129;27130;2469;235.9090909090909;44;1074:44
27129;27019;5570;460.0;12;1074:12
27130;27129;2469;249.54545454545453;44;1074:44
27130;27131;2586;171.8181818181818;44;1074:44
27131;27130;2586;181.36363636363637;44;1074:44
27131;27019;974;165.0;44;1074:44
27132;27506;4519;402.39130434782606;92;1074:92
27132;27051;3722;288.52941176470586;68;1078:68
27132;27508;1350;113.4375;192;1078:192
27132;27133;1296;95.8695652173913;92;1074:92
27132;27086;995;84.09836065573771;122;1078:122
27133;27132;1296;119.34782608695652;92;1074:92
27133;27134;1401;132.3913043478261;92;1074:92
27134;27133;1401;139.56521739130434;92;1074:92
27134;27135;799;116.73913043478261;92;1074:92
27135;27124;1763;125.21739130434783;92;1074:92
27135;27134;799;90.65217391304348;92;1074:92
27136;27140;1142;120.0;36;1074:36
27136;27476;2559;150.95238095238096;126;1078:31,1071:95
27136;27477;2314;130.58823529411765;119;1078:27,1071:92
27136;27129;1833;174.85714285714286;35;1074:35
27137;27141;1651;150.85714285714286;35;1074:35
27137;27142;1976;170.0;36;1074:36
27140;27136;1142;128.57142857142858;35;1074:35
27140;27141;1570;166.66666666666666;36;1074:36
27141;27137;1651;166.66666666666666;36;1074:36
27141;27140;1570;154.28571428571428;35;1074:35
27142;27137;1976;171.42857142857142;35;1074:35
27142;27143;4241;195.0;36;1074:36
27143;27142;4241;202.28571428571428;35;1074:35
27052;27051;1009;129.1970802919708;137;1075:48,1078:89
27052;27053;1595;120.0;66;1075:49,1078:17
27052;27535;3252;188.8235294117647;68;1078:68
27053;27051;2562;199.6875;64;1078:64
27053;27052;1595;120.0;70;1075:48,1078:22
27053;27054;2861;207.17948717948718;117;1075:49,1078:68
27053;27535;1733;120.0;17;1078:17
27156;27090;10649;535.5555555555555;27;1074:27
27156;27161;7694;330.0;2;1074:2
27156;27506;21736;1080.0;9;1074:9
27156;27157;3110;236.75675675675674;37;1074:37
27156;27454;4558;174.0;80;1071:80
27157;27156;3110;238.42105263157896;38;1074:38
27157;27158;4823;280.5405405405405;37;1074:37
27158;27090;16270;720.0;9;1074:9
27158;27157;4823;238.42105263157896;38;1074:38
27158;27159;2372;167.02702702702703;37;1074:37
27159;27158;2372;187.89473684210526;38;1074:38
27161;27090;4111;217.89473684210526;19;1071:19
27161;27091;1282;84.4186046511628;172;1074:2,1078:49,1071:121
27161;27477;5614;325.8;100;1078:31,1071:69
27161;27454;3881;205.2173913043478;69;1071:69
27162;27187;3261;210.4;75;1069:75
27162;27163;3095;221.33333333333334;45;1069:45
27162;27188;4653;232.85714285714286;42;1069:42
27162;27177;10969;533.6842105263158;19;1069:19
27163;27162;3095;266.51162790697674;43;1069:43
27163;27164;1999;146.66666666666666;45;1069:45
27164;27163;1999;125.5813953488372;43;1069:43
27164;27165;1427;110.66666666666667;45;1069:45
27165;27164;1427;120.0;43;1069:43
27165;27166;2304;145.33333333333334;45;1069:45
27166;27165;2304;178.6046511627907;43;1069:43
27171;27385;1861;198.2051282051282;234;1069:234
27171;27172;1655;138.4232365145228;241;1069:241
27172;27171;1655;122.51046025104603;239;1069:239
27172;27177;15632;742.9213483146067;89;1069:89
27172;27178;2058;129.72972972972974;74;1069:74
27172;27179;3790;300.0;7;1069:7
27172;27173;7767;369.1525423728813;59;1069:59
27173;27172;7767;358.9655172413793;58;1069:58
27173;27174;2885;157.27272727272728;66;1069:66
27173;27177;8530;487.5;8;1069:8
27173;27178;5772;300.0;8;1069:8
27173;27179;4104;240.0;8;1069:8
27173;27180;2088;132.92307692307693;65;1069:65
27173;27181;2131;170.0;66;1069:66
27174;27173;2885;169.0909090909091;66;1069:66
27174;27175;1668;121.81818181818181;66;1069:66
27175;27176;1852;120.9090909090909;66;1069:66
27175;27174;1668;120.0;66;1069:66
27176;27177;2986;198.1818181818182;66;1069:66
27176;27175;1852;121.81818181818181;66;1069:66
27177;27184;2678;186.24;125;1069:125
27177;27172;15632;762.5581395348837;86;1069:86
27177;27173;8530;360.0;8;1069:8
27177;27318;3113;180.0;128;1070:128
27177;27176;2986;182.72727272727272;66;1069:66
27177;27162;10969;508.2352941176471;17;1069:17
27177;27292;1511;120.0;106;1070:106
27177;27293;4065;240.0;51;1070:51
27178;27179;1733;121.81818181818181;66;1069:66
27178;27172;2058;153.6986301369863;73;1069:73
27178;27173;5772;292.5;8;1069:8
27179;27172;3790;180.0;8;1069:8
27179;27178;1733;119.07692307692308;65;1069:65
27179;27180;2033;123.63636363636364;66;1069:66
27179;27173;4104;240.0;7;1069:7
27180;27179;2033;125.53846153846153;65;1069:65
27180;27173;2088;134.54545454545453;66;1069:66
27181;27173;2131;170.76923076923077;65;1069:65
27181;27182;1129;120.9090909090909;66;1069:66
27182;27181;1129;119.07692307692308;65;1069:65
27182;27183;2302;203.63636363636363;66;1069:66
27183;27182;2302;180.0;65;1069:65
27183;27439;1819;120.0;33;1069:33
27184;27232;1413;144.54545454545453;44;1069:44
27184;27185;1652;121.48148148148148;81;1069:81
27184;27177;2678;144.7058823529412;119;1069:119
27185;27184;1652;120.0;75;1069:75
27185;27186;2362;144.44444444444446;81;1069:81
27186;27185;2362;157.6;75;1069:75
27186;27187;1934;120.0;81;1069:81
27187;27162;3261;180.74074074074073;81;1069:81
27187;27186;1934;130.4;75;1069:75
27188;27162;4653;284.2857142857143;42;1069:42
27195;27196;1651;122.82352941176471;85;1069:85
27195;26999;2151;198.0722891566265;83;1069:83
27196;27195;1651;125.06024096385542;83;1069:83
27196;27197;2318;178.58823529411765;85;1069:85
27197;27196;2318;133.0120481927711;83;1069:83
27197;27198;1406;121.41176470588235;85;1069:85
27198;27197;1406;115.66265060240964;83;1069:83
27198;27199;1806;182.11764705882354;85;1069:85
27199;27200;1372;140.47058823529412;85;1069:85
27199;27198;1806;163.3734939759036;83;1069:83
27200;27201;1613;160.68965517241378;87;1069:87
27200;27199;1372;131.56626506024097;83;1069:83
27201;27200;1613;147.46987951807228;83;1069:83
27201;27202;1299;106.89655172413794;87;1069:87
27202;27201;1299;129.3975903614458;83;1069:83
27202;27447;1008;122.75862068965517;87;1069:87
19022;380;1680;160.0;93;166:93
19024;100;865;172.98701298701297;154;136:136,133:18
19026;379;2408;184.46808510638297;94;170:94
19026;349;2791;181.29032258064515;93;166:93
27228;27442;2556;279.54545454545456;44;1069:44
27228;27418;1589;138.75;32;1069:32
27228;27229;3741;300.0;44;1069:44
27229;27228;3741;302.72727272727275;44;1069:44
27229;27230;991;120.0;44;1069:44
27230;27229;991;83.18181818181819;44;1069:44
27230;27231;1814;122.72727272727273;44;1069:44
27231;27232;1548;139.0909090909091;44;1069:44
27231;27230;1814;169.0909090909091;44;1069:44
27232;27184;1413;182.72727272727272;44;1069:44
27232;27231;1548;122.72727272727273;44;1069:44
27261;27296;1929;168.0;95;1070:95
27261;27266;1167;78.85714285714286;35;1070:35
27261;27299;2792;180.0;60;1070:60
27261;27292;9423;960.0;1;1070:1
27261;27262;2925;240.0;28;1070:28
27262;27261;2925;180.0;28;1070:28
27262;27263;3562;240.0;28;1070:28
27263;27262;3562;240.0;28;1070:28
27266;27267;1439;120.0;35;1070:35
27266;27261;1167;120.0;37;1070:37
27267;27266;1439;111.89189189189189;37;1070:37
27267;27268;2465;180.0;35;1070:35
27268;27267;2465;180.0;37;1070:37
27268;27270;1297;78.85714285714286;35;1070:35
27270;27268;1297;111.89189189189189;37;1070:37
27276;27277;1793;120.0;54;1070:54
27277;27276;1793;181.07142857142858;56;1070:56
27277;27278;3340;240.0;54;1070:54
27278;27277;3340;180.0;56;1070:56
27278;27279;5857;300.0;54;1070:54
27279;27280;2495;180.0;54;1070:54
27279;27278;5857;300.0;56;1070:56
27280;27281;1607;120.0;54;1070:54
27280;27279;2495;180.0;56;1070:56
27281;27280;1607;120.0;56;1070:56
27281;27282;4687;240.0;119;1070:119
27282;27281;4687;268.0;120;1070:120
27282;27283;2662;120.0;166;1070:166
27283;27282;2662;180.0;168;1070:168
27283;27284;1979;120.0;166;1070:166
27284;27283;1979;120.0;168;1070:168
27284;27021;3793;240.0;166;1070:166
27285;27021;1912;120.0;168;1070:168
27285;27383;4125;283.83233532934133;167;1070:167
27286;27337;33058;1662.0;20;1072:20
27286;27331;16394;780.0;47;1072:47
27287;27288;1518;120.0;82;1070:82
27287;27289;3275;234.82758620689654;58;1070:58
27287;27291;8136;540.0;62;1070:62
27287;27453;6034;343.11557788944725;199;1070:199
27287;27085;6084;420.0;1;1070:1
27288;27289;1761;120.0;70;1070:70
27288;27290;4884;360.0;12;1070:12
27288;27287;1518;120.0;81;1070:81
27289;27288;1761;120.74074074074075;81;1070:81
27289;27290;3130;180.0;70;1070:70
27289;27291;4864;300.0;58;1070:58
27289;27287;3275;180.0;71;1070:71
27290;27289;3130;180.0;81;1070:81
27290;27291;1777;120.0;82;1070:82
27291;27318;3362;180.0;133;1070:133
27291;27287;8136;480.0;48;1070:48
27291;27289;4864;240.0;71;1070:71
27291;27290;1777;120.0;81;1070:81
27291;27309;2708;180.0;78;1070:78
27291;27453;13716;900.0;7;1070:7
27292;27297;2827;120.0;60;1070:60
27292;27177;1511;135.55555555555554;108;1070:108
27292;27261;9423;960.0;5;1070:5
27292;27293;2557;155.1219512195122;41;1070:41
27293;27177;4065;180.0;48;1070:48
27293;27292;2557;180.0;47;1070:47
27293;27294;2139;180.0;92;1070:92
27294;27293;2139;168.0;95;1070:95
27294;27295;1922;135.65217391304347;92;1070:92
27295;27296;1694;120.0;92;1070:92
27295;27294;1922;132.0;95;1070:95
27296;27261;1929;146.7391304347826;92;1070:92
27296;27295;1694;137.68421052631578;95;1070:95
27297;27298;1884;120.0;60;1070:60
27297;27292;2827;180.0;60;1070:60
27298;27297;1884;120.0;60;1070:60
27298;27299;1997;120.0;60;1070:60
27299;27298;1997;120.0;60;1070:60
27299;27261;2792;240.0;60;1070:60
27309;27291;2708;293.9240506329114;79;1070:79
27309;27310;1623;120.0;78;1070:78
27310;27309;1623;120.0;79;1070:79
27310;27311;1777;173.07692307692307;78;1070:78
27311;27312;2879;126.92307692307692;78;1070:78
27311;27310;1777;120.0;79;1070:79
27312;27313;1804;122.3076923076923;78;1070:78
27312;27311;2879;126.07594936708861;79;1070:79
27313;27312;1804;120.0;79;1070:79
27313;27314;4688;240.0;75;1070:75
27314;27313;4688;240.0;76;1070:76
27314;27315;3802;180.0;75;1070:75
27315;27314;3802;186.31578947368422;76;1070:76
27318;27177;3113;180.0;133;1070:133
27318;27291;3362;240.0;128;1070:128
27321;27328;2441;154.0;90;1068:90
27321;27374;1615;151.68539325842696;89;1068:89
27322;27323;1415;60.0;73;1068:73
27322;27374;2323;120.0;77;1068:77
27323;27322;1415;120.0;77;1068:77
27323;27324;1759;120.0;73;1068:73
27324;27376;9691;600.0;20;1068:20
27324;27323;1759;120.0;77;1068:77
27324;27325;1701;120.0;73;1068:73
27324;27374;5229;254.28571428571428;21;1068:21
27324;27327;5223;329.2307692307692;39;1068:39
27325;27324;1701;120.0;77;1068:77
27325;27326;2068;169.31506849315068;73;1068:73
27326;27325;2068;120.0;77;1068:77
27326;27327;2265;238.35616438356163;73;1068:73
27327;27324;5223;270.7317073170732;41;1068:41
27327;27332;2723;149.26829268292684;41;1068:41
27327;27326;2265;120.0;77;1068:77
27328;27329;1113;109.33333333333333;90;1068:90
27328;27321;2441;139.5505617977528;89;1068:89
27329;27328;1113;87.64044943820225;89;1068:89
27329;27330;2138;132.66666666666666;90;1068:90
27330;27329;2138;166.51685393258427;89;1068:89
27330;27331;2254;154.0;90;1068:90
27331;27330;2254;147.64044943820224;89;1068:89
27331;27286;16394;907.8260869565217;46;1072:46
27331;27342;3974;234.89361702127658;47;1072:47
27332;27333;3486;180.0;41;1068:41
27332;27327;2723;180.0;44;1068:44
27333;27332;3486;175.9090909090909;44;1068:44
27333;27334;2536;177.0731707317073;41;1068:41
27334;27333;2536;197.72727272727272;44;1068:44
27334;27335;4027;216.58536585365854;41;1068:41
27335;27336;3833;219.5121951219512;41;1068:41
27335;27334;4027;181.36363636363637;44;1068:44
27336;27337;2445;300.0;41;1068:41
27336;27335;3833;181.36363636363637;44;1068:44
27337;27336;2445;240.0;44;1068:44
27337;27286;33058;1728.0;20;1072:20
27342;27331;3974;238.69565217391303;46;1072:46
27342;27343;5069;300.0;47;1072:47
27343;27344;7975;420.0;47;1072:47
27343;27342;5069;240.0;46;1072:46
27344;27356;1802;120.0;21;1072:21
27344;27343;7975;358.69565217391306;46;1072:46
27356;27344;1802;240.0;22;1072:22
27374;27321;1615;104.66666666666667;90;1068:90
27374;27322;2323;120.0;73;1068:73
27374;27324;5229;300.0;19;1068:19
27374;27375;4247;239.67914438502675;187;1068:187
27375;27376;1977;185.77540106951872;187;1068:187
27375;27374;4247;239.67032967032966;182;1068:182
27376;27425;2042;209.56521739130434;207;1068:207
27376;27324;9691;600.0;20;1068:20
27376;27375;1977;152.30769230769232;182;1068:182
27377;27020;11664;720.0;16;1076:16
27377;27378;1468;61.388888888888886;216;1067:216
27377;27420;11774;420.0;18;1076:18
27377;27414;2731;123.05084745762711;118;1067:118
27377;27423;2886;121.71428571428571;105;1067:105
27378;27377;1468;119.73094170403587;223;1067:223
27378;27379;1529;119.72222222222223;216;1067:216
27379;27378;1529;120.0;223;1067:223
27379;27380;2130;120.55555555555556;216;1067:216
27380;27379;2130;120.0;223;1067:223
27380;27381;2968;180.55555555555554;216;1067:216
27381;27380;2968;180.0;223;1067:223
27381;27382;1869;120.0;216;1067:216
27382;27381;1869;120.0;223;1067:223
27382;27383;4177;300.0;233;1067:233
27383;27384;2235;180.0;441;1067:274,1070:167
27383;27411;20709;1558.3783783783783;37;1067:37
27383;27285;4125;241.05882352941177;170;1070:170
27383;27382;4177;240.0;234;1067:234
27384;27385;947;120.0;274;1067:274
27384;27458;1699;121.32075471698113;318;1071:318
27384;27459;2751;144.36923076923077;325;1071:325
27384;27453;2814;237.8443113772455;167;1070:167
27384;27383;2235;180.27272727272728;440;1067:270,1070:170
27385;27384;947;120.0;270;1067:270
27385;27435;1705;151.53846153846155;234;1069:234
27385;27386;956;120.0;274;1067:274
27385;27171;1861;201.0126582278481;237;1069:237
27386;27385;956;179.77777777777777;270;1067:270
27386;27387;668;117.81021897810218;274;1067:274
27387;27386;668;60.22222222222222;270;1067:270
27387;27388;710;118.46715328467154;274;1067:274
27388;27387;710;119.77777777777777;270;1067:270
27388;27389;1536;124.9438202247191;267;1067:267
27389;27394;4941;304.0;60;1067:60
27389;27388;1536;180.0;265;1067:265
27389;27390;667;124.54054054054055;185;1067:185
27389;27391;1463;180.0;22;1067:22
27390;27392;2045;180.0;22;1067:22
27390;27389;667;60.0;186;1067:186
27390;27391;908;89.079754601227;163;1067:163
27391;27392;1141;117.72727272727273;132;1067:132
27391;27393;1888;120.0;22;1067:22
27391;27394;3507;240.0;22;1067:22
27391;27389;1463;120.0;23;1067:23
27391;27390;908;120.0;164;1067:164
27392;27393;756;100.0;132;1067:132
27392;27394;2368;180.0;22;1067:22
27392;27390;2045;240.0;22;1067:22
27392;27391;1141;120.0;132;1067:132
27393;27392;756;115.45454545454545;132;1067:132
27393;27394;1618;160.12987012987014;154;1067:154
27393;27391;1888;180.0;23;1067:23
27394;27392;2368;180.0;22;1067:22
27394;27393;1618;123.87096774193549;155;1067:155
27394;27395;1093;92.92682926829268;82;1067:82
27394;27398;2155;180.0;71;1067:71
27394;27399;2943;240.0;22;1067:22
27394;27415;1077;120.0;83;1067:83
27394;27389;4941;300.0;56;1067:56
27394;27391;3507;300.0;21;1067:21
27395;27394;1093;120.0;81;1067:81
27395;27396;792;120.0;82;1067:82
27396;27395;792;112.5925925925926;81;1067:81
27396;27397;1154;120.0;82;1067:82
27397;27396;1154;152.59259259259258;81;1067:81
27398;27394;2155;179.1304347826087;69;1067:69
27398;27415;1096;84.8780487804878;82;1067:82
27398;27399;787;116.49350649350649;154;1067:154
27399;27400;4598;300.0;71;1067:71
27399;27416;1331;89.63855421686748;83;1067:83
27399;27394;2943;180.0;22;1067:22
27399;27398;787;94.17218543046357;151;1067:151
27399;27417;1960;120.0;22;1067:22
27400;27401;1274;134.80519480519482;77;1067:77
27400;27418;1574;157.3170731707317;82;1067:82
27400;27417;2714;180.0;22;1067:22
27400;27405;6454;420.0;22;1067:22
27400;27399;4598;300.0;69;1067:69
27401;27400;1274;132.97297297297297;74;1067:74
27401;27402;1156;118.44155844155844;77;1067:77
27402;27401;1156;119.1891891891892;74;1067:74
27402;27403;1856;141.8181818181818;77;1067:77
27403;27402;1856;167.02702702702703;74;1067:74
27403;27404;1435;120.0;77;1067:77
27404;27403;1435;128.1081081081081;74;1067:74
27404;27405;1228;122.33766233766234;77;1067:77
27405;27400;6454;420.0;22;1067:22
27405;27404;1228;120.0;74;1067:74
27405;27406;1233;118.44155844155844;77;1067:77
27406;27405;1233;120.0;73;1067:73
27406;27407;942;116.88311688311688;77;1067:77
27407;27408;1154;111.42857142857143;77;1067:77
27407;27406;942;120.0;73;1067:73
27408;27409;2855;198.7012987012987;77;1067:77
27408;27407;1154;83.83561643835617;73;1067:73
27409;27408;2855;188.21917808219177;73;1067:73
27409;27410;1971;155.06493506493507;77;1067:77
27410;27409;1971;166.02739726027397;73;1067:73
27411;27419;886;163.3548387096774;155;1067:155
27411;27412;5298;302.63157894736844;114;1067:114
27411;27383;20709;1687.3170731707316;41;1067:41
27412;27411;5298;246.61016949152543;118;1067:118
27412;27413;1199;120.0;114;1067:114
27413;27412;1199;119.49152542372882;118;1067:118
27413;27414;1898;121.57894736842105;114;1067:114
27414;27377;2731;180.0;114;1067:114
27414;27413;1898;123.05084745762711;118;1067:118
27415;27394;1077;120.0;82;1067:82
27415;27398;1096;112.04819277108433;83;1067:83
27416;27417;761;120.0;83;1067:83
27416;27399;1331;135.3658536585366;82;1067:82
27417;27400;2714;240.0;22;1067:22
27417;27416;761;69.51219512195122;82;1067:82
27417;27418;1178;114.21686746987952;83;1067:83
27417;27399;1960;180.0;22;1067:22
27418;27400;1574;125.78313253012048;83;1067:83
27418;27417;1178;110.48780487804878;82;1067:82
27418;27228;1589;180.0;33;1069:33
27418;27440;3234;191.25;32;1069:32
27419;27411;886;112.59740259740259;154;1067:154
27420;27520;2393;120.0;14;1076:14
27420;27377;11774;360.0;16;1076:16
27420;27522;7564;300.0;4;1076:4
27420;27421;3824;181.22448979591837;98;1067:98
27421;27420;3824;240.57142857142858;105;1067:105
27421;27422;2861;121.22448979591837;98;1067:98
27422;27421;2861;120.57142857142857;105;1067:105
27422;27423;2481;120.0;98;1067:98
27423;27377;2886;181.22448979591837;98;1067:98
27423;27422;2481;120.57142857142857;105;1067:105
27424;27425;2440;180.52631578947367;228;1068:228
27425;27376;2042;180.0;202;1068:202
27425;27424;2440;257.7391304347826;230;1068:230
27426;27427;4281;242.32558139534885;129;1069:129
27426;27101;908;86.94915254237289;118;1069:118
27427;27426;4281;253.74045801526717;131;1069:131
27427;27428;1885;134.41860465116278;129;1069:129
27428;27427;1885;129.61832061068702;131;1069:131
27428;27429;1217;121.86046511627907;129;1069:129
27429;27428;1217;118.16793893129771;131;1069:131
27429;27430;1114;103.72093023255815;129;1069:129
27430;27429;1114;100.30534351145039;131;1069:131
27430;27431;915;122.32558139534883;129;1069:129
27431;27432;1588;132.38095238095238;126;1069:126
27431;27430;915;106.25954198473282;131;1069:131
27432;27433;979;78.08612440191388;209;1069:209
27432;27450;895;85.92592592592592;81;1069:81
27432;27431;1588;119.0625;128;1069:128
27433;27432;979;122.87081339712918;209;1069:209
27433;27434;946;102.77511961722487;209;1069:209
27434;27433;946;97.60765550239235;209;1069:209
27434;27435;891;100.75949367088607;237;1069:237
27435;27385;1705;168.35443037974684;237;1069:237
27435;27434;891;121.7948717948718;234;1069:234
27439;27440;2984;180.0;33;1069:33
27439;27183;1819;120.0;32;1069:32
27440;27418;3234;218.1818181818182;33;1069:33
27440;27439;2984;163.125;32;1069:32
27442;27443;1638;169.0909090909091;44;1069:44
27442;27228;2556;257.72727272727275;44;1069:44
27443;27442;1638;147.27272727272728;44;1069:44
27443;27444;1964;167.72727272727272;44;1069:44
27444;27443;1964;150.0;44;1069:44
27444;27445;2160;181.36363636363637;44;1069:44
27445;27444;2160;152.72727272727272;44;1069:44
27445;27446;1404;167.72727272727272;44;1069:44
27446;27057;2877;343.6363636363636;44;1069:44
27446;27445;1404;120.0;44;1069:44
27447;27448;767;83.44827586206897;87;1069:87
27447;27202;1008;129.3975903614458;83;1069:83
27448;27449;910;109.1566265060241;83;1069:83
27448;27447;767;60.0;83;1069:83
27449;27448;910;97.03703703703704;81;1069:81
27449;27450;450;65.78313253012048;83;1069:83
27450;27432;895;122.89156626506023;83;1069:83
27450;27449;450;61.48148148148148;81;1069:81
27451;27452;1759;121.73913043478261;69;1069:69
27452;27451;1759;166.76470588235293;68;1069:68
27452;27101;1469;121.73913043478261;69;1069:69
27453;27384;2814;196.58823529411765;170;1070:170
27453;27291;13716;960.0;9;1070:9
27453;27287;6034;335.82089552238807;201;1070:201
27454;27161;3881;219.5121951219512;82;1071:82
27454;27156;4558;286.0869565217391;69;1071:69
27455;27483;871;115.77464788732394;142;1071:142
27455;27051;1085;66.97183098591549;284;1071:284
27455;27090;3897;239.1304347826087;138;1071:138
27455;27091;6726;406.15384615384613;26;1071:26
27033;27032;2509;120.0;27;1055:27
27033;27034;2240;151.2;25;1055:25
27457;27458;2604;138.83076923076922;325;1071:325
27457;27051;4657;218.11320754716982;318;1071:318
27458;27384;1699;102.83076923076923;325;1071:325
27458;27457;2604;148.30188679245282;318;1071:318
27459;27384;2751;158.8679245283019;318;1071:318
27459;27460;1714;103.01538461538462;325;1071:325
27460;27459;1714;127.73584905660377;318;1071:318
27460;27484;5770;240.0;13;1071:13
27460;27461;2747;145.19230769230768;312;1071:312
27461;27460;2747;157.8;300;1071:300
27461;27492;2263;98.74015748031496;127;1071:127
27461;27462;4084;199.45945945945945;185;1071:185
27462;27465;4597;249.7674418604651;43;1071:43
27462;27461;4084;193.22033898305085;177;1071:177
27462;27463;1878;131.40845070422534;142;1071:142
27463;27464;1303;68.50393700787401;127;1071:127
27463;27465;2857;144.0;15;1071:15
27463;27462;1878;123.0;140;1071:140
27464;27465;1663;104.40944881889764;127;1071:127
27464;27462;2936;240.0;7;1071:7
27464;27463;1303;64.15384615384616;130;1071:130
27465;27464;1663;85.83941605839416;137;1071:137
27465;27466;2378;112.58426966292134;178;1071:178
27465;27462;4597;276.0;30;1071:30
27465;27463;2857;222.0;10;1071:10
27466;27465;2378;113.20754716981132;159;1071:159
27466;27467;2628;125.77777777777777;135;1071:135
27466;27468;3913;180.0;6;1071:6
27466;27469;5509;256.2162162162162;37;1071:37
27467;27465;5003;216.0;10;1071:10
27467;27466;2628;115.60975609756098;123;1071:123
27467;27468;1350;70.66666666666667;135;1071:135
27468;27466;3913;190.0;6;1071:6
27468;27467;1350;72.39669421487604;121;1071:121
27468;27469;1606;134.89361702127658;141;1071:141
27469;27472;9901;457.5;8;1071:8
27469;27466;5509;238.0;30;1071:30
27469;27467;2902;180.0;12;1071:12
27469;27468;1606;85.03937007874016;127;1071:127
27469;27470;3960;174.9056603773585;106;1071:106
27470;27469;3960;179.4392523364486;107;1071:107
27470;27471;5167;192.45283018867926;106;1071:106
27471;27472;1743;182.26415094339623;106;1071:106
27471;27470;5167;189.53271028037383;107;1071:107
27472;27469;9901;435.0;8;1071:8
27472;27471;1743;98.69158878504673;107;1071:107
27473;27474;1710;118.99159663865547;119;1078:27,1071:92
27474;27473;1710;179.52380952380952;126;1078:31,1071:95
27474;27475;3612;211.76470588235293;119;1078:27,1071:92
27475;27474;3612;208.0952380952381;126;1078:31,1071:95
27475;27476;2487;173.94957983193277;119;1078:27,1071:92
27476;27136;2559;141.68067226890756;119;1078:27,1071:92
27476;27475;2487;171.9047619047619;126;1078:31,1071:95
27477;27136;2314;146.66666666666666;126;1078:31,1071:95
27477;27161;5614;302.11764705882354;85;1078:27,1071:58
27477;27091;6861;420.0;34;1071:34
27478;27481;3870;213.52941176470588;34;1071:34
27478;27493;1996;248.64864864864865;111;1071:111
27478;27479;1267;78.11320754716981;106;1071:106
27479;27480;1650;60.0;106;1071:106
27479;27478;1267;128.49557522123894;113;1071:113
27480;27481;1248;70.18867924528301;106;1071:106
27480;27479;1650;124.24778761061947;113;1071:113
27481;27480;1248;92.38938053097345;113;1071:113
27481;27482;1867;117.04918032786885;122;1071:122
27481;27483;3487;180.0;19;1071:19
27481;27478;3870;271.0344827586207;29;1071:29
27482;27481;1867;134.11764705882354;136;1071:136
27482;27483;1620;60.0;122;1071:122
27483;27481;3487;133.84615384615384;13;1071:13
27483;27482;1620;138.08823529411765;136;1071:136
27483;27051;1904;120.0;32;1071:32
27483;27455;871;71.0091743119266;109;1071:109
27484;27460;5770;300.0;18;1071:18
27484;27492;1201;120.0;123;1071:123
27484;27485;1582;69.0;140;1071:140
27485;27484;1582;110.63829787234043;141;1071:141
27485;27486;1775;112.71428571428571;140;1071:140
27486;27485;1775;131.91489361702128;141;1071:141
27486;27487;1003;60.42857142857143;140;1071:140
27487;27488;1765;102.0;140;1071:140
27487;27486;1003;97.44680851063829;141;1071:141
27488;27489;1311;89.57142857142857;140;1071:140
27488;27487;1765;145.95744680851064;141;1071:141
27489;27488;1311;133.19148936170214;141;1071:141
27489;27490;2671;120.0;106;1071:106
27490;27489;2671;180.0;110;1071:110
27490;27491;2183;239.43396226415095;106;1071:106
27491;27490;2183;162.54545454545453;110;1071:110
27492;27484;1201;77.95275590551181;127;1071:127
27492;27461;2263;169.26829268292684;123;1071:123
27493;27478;1996;138.11320754716982;106;1071:106
875;186;4489;306.0869565217391;69;171:69
875;254;3915;267.5;72;167:72
27504;27505;2797;219.23076923076923;26;1074:26
27504;27019;3271;211.11111111111111;27;1074:27
27505;27504;2797;182.22222222222223;27;1074:27
27506;27090;11365;613.7142857142857;35;1074:35
27506;27507;1637;120.56603773584905;212;1078:212
27506;27124;9330;572.4;100;1074:100
27506;27086;5244;367.94117647058823;68;1078:68
27506;27128;17474;954.5454545454545;11;1074:11
27506;27156;21736;960.0;9;1074:9
27506;27132;4519;302.60869565217394;92;1074:92
27506;27508;3181;240.0;11;1078:11
27507;27506;1637;190.3846153846154;208;1078:208
27507;27508;1588;126.22641509433963;212;1078:212
27508;27506;3181;303.75;16;1078:16
27508;27507;1588;132.98076923076923;208;1078:208
27508;27132;1350;120.3157894736842;190;1078:190
27508;27086;2203;178.1818181818182;33;1078:33
27509;27124;2677;198.13953488372093;86;1074:86
27509;27510;1228;151.72413793103448;87;1074:87
27510;27509;1228;89.30232558139535;86;1074:86
27520;27521;2167;124.28571428571429;14;1076:14
27520;27420;2393;180.0;11;1076:11
27521;27520;2167;180.0;11;1076:11
27521;27522;3062;128.57142857142858;14;1076:14
27522;27521;3062;180.0;11;1076:11
27522;27420;7564;300.0;5;1076:5
27534;27051;1036;126.3529411764706;85;1078:85
27534;27086;1822;126.13636363636364;88;1078:88
27535;27052;3252;231.9402985074627;67;1078:67
27535;27053;1733;120.0;22;1078:22
27535;27054;1151;98.82352941176471;85;1078:85
27536;27537;2528;150.0;76;1078:76
27536;27054;2398;187.01298701298703;77;1078:77
27537;27536;2528;180.0;77;1078:77
27537;27538;1263;105.0;76;1078:76
27538;27537;1263;120.0;77;1078:77
27538;27539;1356;119.21052631578948;76;1078:76
27539;27538;1356;84.15584415584415;77;1078:77
27539;27540;1014;119.21052631578948;76;1078:76
27540;27539;1014;112.98701298701299;77;1078:77
27540;27541;2262;140.52631578947367;76;1078:76
27541;27540;2262;171.42857142857142;77;1078:77
27541;27542;1501;120.0;76;1078:76
27542;27541;1501;110.64935064935065;77;1078:77
27542;27543;1900;232.89473684210526;76;1078:76
27543;27542;1900;128.57142857142858;77;1078:77
27543;27549;2546;240.0;48;1078:48
27543;27550;3042;241.22448979591837;49;1078:49
27544;27056;1647;120.0;76;1078:76
27544;27545;1251;107.53246753246754;77;1078:77
27545;27544;1251;106.57894736842105;76;1078:76
27545;27546;1251;141.03896103896105;77;1078:77
27546;27545;1251;120.0;76;1078:76
27547;27548;982;60.0;49;1078:49
27548;27547;982;180.0;48;1078:48
27548;27549;1659;120.0;49;1078:49
27549;27548;1659;120.0;48;1078:48
27549;27543;2546;178.77551020408163;49;1078:49
27550;27543;3042;180.0;48;1078:48
406;336;1764;176.20253164556962;316;164:11,165:140,166:93,167:72
406;435;2541;192.34177215189874;316;168:140,169:13,170:94,171:69
27025;27024;1305;120.0;76;1055:76
27025;26999;1495;120.0;76;1055:76
27127;27128;1730;150.47619047619048;63;1074:63
27127;27125;5006;300.0;2;1074:2
27127;27126;1636;140.65573770491804;61;1074:61
27031;27032;2351;156.1764705882353;68;1055:68
27031;27030;1695;120.0;71;1055:71